Name,Lat,Long,Elev
Anderson Dome,-73.5,-93.9,1475
Dome Argus,-81,77,4000
Beacon Dome,-86.1333333,-146.4166667,3010
Bennett Dome,-71.8,-73.05,460
Bonnabeau Dome,-73.5166667,-94.1666667,
Burmester Dome,-83.3666667,-50.9333333,2095
Burrage Dome,-75.55,161.0833333,840
Dome Charlie,-75,125,3200
Constellation Dome,-81.1,160.2166667,1330
Cowie Dome,-86.4166667,-152,
Davies Dome,-63.8833333,-58.05,400
Dingle Dome,-67.05,48.9,400
Dingsør Dome,-68.0166667,67.7166667,
Dobson Dome,-64.0333333,-57.9166667,950
Dome,-53.0833333,73.5,2410
Domen Butte,-72.7166667,-3.8333333,
Dome Nunatak,-77.0166667,161.45,990
Frustration Dome,-68,64.55,
Fuchs Dome,-80.6,-27.8333333,1525
Fuller Dome,-86.6333333,-156.3,2850
Half Dome Nunatak,-82.45,159.2333333,
Hercules Dome,-86,-105,
Holman Dome,-66.45,98.9,
Horteriset Dome,-72.0833333,12.3666667,
Husky Dome,-84.9,176.2833333,3580
Jøkulhest Dome,-71.8666667,6.7,
Kohler Dome,-76.0333333,-134.2833333,2680
Lamykin Dome,-67.45,46.6666667,525
Law Dome,-66.7333333,112.8333333,1395
Lookout Dome,-83.05,156.45,2470
Maaske Dome,-85.9666667,-144,
Martin Dome,-83.3,157.2,
Medea Dome,-66.1833333,-62.05,350
Moore Dome,-74.3333333,-111.3333333,700
Murray Dome,-70.7,67.2,
Phleger Dome,-85.8666667,-138.4,3315
Pionerskiy Dome,-73.9833333,73.1333333,
Ricker Dome,-82.0666667,162.7166667,1720
Rotch Dome,-62.6333333,-60.8833333,
Roundel Dome,-65.6333333,-63.25,1770
Shepherd Dome,-74.8666667,-99.55,
Siege Dome,-84.2666667,172.3666667,
Snøhetta Dome,-72.1833333,-2.8,
Talos Dome,-73,158,2300
Taylor Dome,-77.6666667,157.6666667,2400
Tinsel Dome,-63.7333333,-58.9166667,700
Titan Dome,-88.5,165,3100
Valkyrie Dome,-77.5,37.5,3700
Venture Dome,-68.6,62.2166667,
Vrana Dome,-69.8833333,73.4666667,
Wimple Dome,-63.6333333,-58.85,725
Siple Dome,-81.6666667,-148.8333333,
Pearce Dome,-71.3166667,-68.3333333,789
Arctowski Dome,-62.1333333,-58.6333333,
Hurd Dome,-62.6833333,-60.3833333,375
Kraków Dome,-62.1166667,-58.25,
Warszawa Dome,-62.2,-58.5833333,
Allison Dome,-73.5547222,70.5997222,
Dome Fuji,-77.3169444,39.7033333,3810